{"cameraMode":{"drawMode":0,"name":"Shaded","section":"Shading Mode"},"sceneLighting":true,"audioPlay":false,"sceneViewState":{"m_AlwaysRefresh":false,"showFog":true,"showSkybox":true,"showFlares":true,"showImageEffects":true,"showParticleSystems":true,"showVisualEffectGraphs":true,"m_FxEnabled":true},"in2DMode":false,"pivot":{"x":-2.452503204345703,"y":6.085655212402344,"z":13.526544570922852},"rotation":{"x":-0.14092552661895753,"y":0.8336697816848755,"z":-0.24860498309135438,"w":-0.47257813811302187},"size":32.584842681884769,"orthographic":false}